{
  "lang":"en",
  "name":"pipeline",
  "version":"0.0.0",
  "spacy_version":">=3.8.3,<3.9.0",
  "description":"",
  "author":"",
  "email":"",
  "url":"",
  "license":"",
  "spacy_git_version":"be0fa81",
  "vectors":{
    "width":0,
    "vectors":0,
    "keys":0,
    "name":null,
    "mode":"default"
  },
  "labels":{
    "transformer":[

    ],
    "ner":[
      "EVENT",
      "FAC",
      "GPE",
      "LAW",
      "LOC",
      "MONEY",
      "NORP",
      "ORG",
      "PERCENT",
      "PERSON",
      "PRODUCT",
      "QUANTITY",
      "TIME",
      "WORK_OF_ART"
    ]
  },
  "pipeline":[
    "transformer",
    "ner"
  ],
  "components":[
    "transformer",
    "ner"
  ],
  "disabled":[

  ],
  "performance":{
    "ents_f":0.6344206974,
    "ents_p":0.5743380855,
    "ents_r":0.7085427136,
    "ents_per_type":{
      "ORG":{
        "p":0.7685950413,
        "r":0.6458333333,
        "f":0.7018867925
      },
      "GPE":{
        "p":0.7105263158,
        "r":0.9642857143,
        "f":0.8181818182
      },
      "MONEY":{
        "p":0.4166666667,
        "r":0.9259259259,
        "f":0.5747126437
      },
      "FAC":{
        "p":0.0,
        "r":0.0,
        "f":0.0
      },
      "PERSON":{
        "p":0.6595744681,
        "r":0.8857142857,
        "f":0.756097561
      },
      "PERCENT":{
        "p":0.4395604396,
        "r":0.7142857143,
        "f":0.5442176871
      },
      "QUANTITY":{
        "p":0.0,
        "r":0.0,
        "f":0.0
      },
      "NORP":{
        "p":0.8888888889,
        "r":0.6666666667,
        "f":0.7619047619
      },
      "TIME":{
        "p":0.25,
        "r":0.5,
        "f":0.3333333333
      },
      "LOC":{
        "p":0.6666666667,
        "r":0.2,
        "f":0.3076923077
      },
      "WORK_OF_ART":{
        "p":0.5,
        "r":0.5,
        "f":0.5
      },
      "EVENT":{
        "p":0.0,
        "r":0.0,
        "f":0.0
      },
      "PRODUCT":{
        "p":0.0,
        "r":0.0,
        "f":0.0
      }
    },
    "transformer_loss":40.7161241478,
    "ner_loss":122.8838424683
  }
}