{
  "lang":"en",
  "name":"pipeline",
  "version":"0.0.0",
  "spacy_version":">=3.8.3,<3.9.0",
  "description":"",
  "author":"",
  "email":"",
  "url":"",
  "license":"",
  "spacy_git_version":"be0fa81",
  "vectors":{
    "width":0,
    "vectors":0,
    "keys":0,
    "name":null,
    "mode":"default"
  },
  "labels":{
    "transformer":[

    ],
    "ner":[
      "EVENT",
      "FAC",
      "GPE",
      "LAW",
      "LOC",
      "MONEY",
      "NORP",
      "ORDINAL",
      "ORG",
      "PERCENT",
      "PERSON",
      "PRODUCT",
      "QUANTITY",
      "TIME",
      "WORK_OF_ART"
    ]
  },
  "pipeline":[
    "transformer",
    "ner"
  ],
  "components":[
    "transformer",
    "ner"
  ],
  "disabled":[

  ],
  "performance":{
    "ents_f":0.9820478723,
    "ents_p":0.979876161,
    "ents_r":0.9842292315,
    "ents_per_type":{
      "GPE":{
        "p":0.9912124803,
        "r":0.9877988783,
        "f":0.9895027352
      },
      "ORG":{
        "p":0.9866057603,
        "r":0.9901320901,
        "f":0.9883657799
      },
      "EVENT":{
        "p":0.982630273,
        "r":0.9777777778,
        "f":0.9801980198
      },
      "PERCENT":{
        "p":0.9727513228,
        "r":0.9897711978,
        "f":0.9811874583
      },
      "MONEY":{
        "p":0.9526764934,
        "r":0.970559178,
        "f":0.9615346971
      },
      "PERSON":{
        "p":0.98507109,
        "r":0.9765092788,
        "f":0.9807714994
      },
      "WORK_OF_ART":{
        "p":0.9842696629,
        "r":0.9887133183,
        "f":0.9864864865
      },
      "QUANTITY":{
        "p":0.8588235294,
        "r":0.9605263158,
        "f":0.9068322981
      },
      "PRODUCT":{
        "p":0.864,
        "r":0.9230769231,
        "f":0.8925619835
      },
      "TIME":{
        "p":0.9957446809,
        "r":1.0,
        "f":0.9978678038
      },
      "ORDINAL":{
        "p":0.9833333333,
        "r":0.8550724638,
        "f":0.9147286822
      },
      "LOC":{
        "p":0.9420803783,
        "r":0.9602409639,
        "f":0.9510739857
      },
      "NORP":{
        "p":0.9830852503,
        "r":0.9924863388,
        "f":0.9877634262
      },
      "LAW":{
        "p":0.9719626168,
        "r":0.962962963,
        "f":0.9674418605
      },
      "FAC":{
        "p":0.9498956159,
        "r":0.9639830508,
        "f":0.9568874869
      }
    },
    "transformer_loss":221.5951075665,
    "ner_loss":333.2848815918
  }
}