{
  "lang":"en",
  "name":"pipeline",
  "version":"0.0.0",
  "spacy_version":">=3.8.3,<3.9.0",
  "description":"",
  "author":"",
  "email":"",
  "url":"",
  "license":"",
  "spacy_git_version":"be0fa81",
  "vectors":{
    "width":0,
    "vectors":0,
    "keys":0,
    "name":null,
    "mode":"default"
  },
  "labels":{
    "transformer":[

    ],
    "ner":[
      "EVENT",
      "FAC",
      "GPE",
      "LAW",
      "LOC",
      "MONEY",
      "NORP",
      "ORDINAL",
      "ORG",
      "PERCENT",
      "PERSON",
      "PRODUCT",
      "QUANTITY",
      "TIME",
      "WORK_OF_ART"
    ]
  },
  "pipeline":[
    "transformer",
    "ner"
  ],
  "components":[
    "transformer",
    "ner"
  ],
  "disabled":[

  ],
  "performance":{
    "ents_f":0.9822861169,
    "ents_p":0.9839768196,
    "ents_r":0.9806012143,
    "ents_per_type":{
      "GPE":{
        "p":0.9918827955,
        "r":0.9859293516,
        "f":0.9888971132
      },
      "ORG":{
        "p":0.9883612663,
        "r":0.9897435897,
        "f":0.989051945
      },
      "EVENT":{
        "p":0.9656862745,
        "r":0.9728395062,
        "f":0.9692496925
      },
      "PERCENT":{
        "p":0.9785177229,
        "r":0.9808882907,
        "f":0.9797015728
      },
      "MONEY":{
        "p":0.9725010036,
        "r":0.9573206876,
        "f":0.9648511401
      },
      "PERSON":{
        "p":0.9864543726,
        "r":0.9750998356,
        "f":0.980744241
      },
      "WORK_OF_ART":{
        "p":0.9932126697,
        "r":0.9909706546,
        "f":0.9920903955
      },
      "QUANTITY":{
        "p":0.8974358974,
        "r":0.9210526316,
        "f":0.9090909091
      },
      "PRODUCT":{
        "p":0.9541284404,
        "r":0.8888888889,
        "f":0.9203539823
      },
      "TIME":{
        "p":0.9978678038,
        "r":1.0,
        "f":0.9989327641
      },
      "ORDINAL":{
        "p":1.0,
        "r":0.8260869565,
        "f":0.9047619048
      },
      "LOC":{
        "p":0.9309133489,
        "r":0.9578313253,
        "f":0.9441805226
      },
      "NORP":{
        "p":0.9850238257,
        "r":0.9883879781,
        "f":0.9867030344
      },
      "LAW":{
        "p":0.9719626168,
        "r":0.962962963,
        "f":0.9674418605
      },
      "FAC":{
        "p":0.9460580913,
        "r":0.9661016949,
        "f":0.9559748428
      }
    },
    "transformer_loss":323.7035253184,
    "ner_loss":497.0480041504
  }
}