{
  "lang":"en",
  "name":"pipeline",
  "version":"0.0.0",
  "spacy_version":">=3.8.3,<3.9.0",
  "description":"",
  "author":"",
  "email":"",
  "url":"",
  "license":"",
  "spacy_git_version":"be0fa81",
  "vectors":{
    "width":0,
    "vectors":0,
    "keys":0,
    "name":null,
    "mode":"default"
  },
  "labels":{
    "transformer":[

    ],
    "ner":[
      "EVENT",
      "FAC",
      "GPE",
      "LAW",
      "LOC",
      "MONEY",
      "NORP",
      "ORG",
      "PERCENT",
      "PERSON",
      "PRODUCT",
      "QUANTITY",
      "TIME",
      "WORK_OF_ART"
    ]
  },
  "pipeline":[
    "transformer",
    "ner"
  ],
  "components":[
    "transformer",
    "ner"
  ],
  "disabled":[

  ],
  "performance":{
    "ents_f":0.6488294314,
    "ents_p":0.5831663327,
    "ents_r":0.7311557789,
    "ents_per_type":{
      "ORG":{
        "p":0.7518796992,
        "r":0.6944444444,
        "f":0.7220216606
      },
      "GPE":{
        "p":0.8125,
        "r":0.9285714286,
        "f":0.8666666667
      },
      "MONEY":{
        "p":0.4347826087,
        "r":0.9259259259,
        "f":0.5917159763
      },
      "FAC":{
        "p":0.1428571429,
        "r":0.5,
        "f":0.2222222222
      },
      "PERSON":{
        "p":0.612244898,
        "r":0.8571428571,
        "f":0.7142857143
      },
      "PERCENT":{
        "p":0.44,
        "r":0.7857142857,
        "f":0.5641025641
      },
      "QUANTITY":{
        "p":0.0,
        "r":0.0,
        "f":0.0
      },
      "NORP":{
        "p":0.8888888889,
        "r":0.6666666667,
        "f":0.7619047619
      },
      "TIME":{
        "p":0.25,
        "r":0.5,
        "f":0.3333333333
      },
      "LOC":{
        "p":0.5,
        "r":0.2,
        "f":0.2857142857
      },
      "WORK_OF_ART":{
        "p":0.5,
        "r":0.5,
        "f":0.5
      },
      "EVENT":{
        "p":0.0,
        "r":0.0,
        "f":0.0
      },
      "PRODUCT":{
        "p":0.0,
        "r":0.0,
        "f":0.0
      }
    },
    "transformer_loss":60.9613302597,
    "ner_loss":130.1912078857
  }
}